Amurská;0;10000;all;Základní škola Eden, Praha 10, Vladivostocká 1035/6, příspěvková organizace;Městská část Praha 10
Bohdalecká;0;10000;all;Základní škola Eden, Praha 10, Vladivostocká 1035/6, příspěvková organizace;Městská část Praha 10
Brtnická;0;10000;all;Základní škola Eden, Praha 10, Vladivostocká 1035/6, příspěvková organizace;Městská část Praha 10
Elektrárenská;0;10000;all;Základní škola Eden, Praha 10, Vladivostocká 1035/6, příspěvková organizace;Městská část Praha 10
Gruzínská;1; 8;all;Základní škola Eden, Praha 10, Vladivostocká 1035/6, příspěvková organizace;Městská část Praha 10
Chodovská;0;10000;all;Základní škola Eden, Praha 10, Vladivostocká 1035/6, příspěvková organizace;Městská část Praha 10
Jerevanská;1; 10;all;Základní škola Eden, Praha 10, Vladivostocká 1035/6, příspěvková organizace;Městská část Praha 10
K topírně;0;10000;all;Základní škola Eden, Praha 10, Vladivostocká 1035/6, příspěvková organizace;Městská část Praha 10
Karpatská;1; 10;all;Základní škola Eden, Praha 10, Vladivostocká 1035/6, příspěvková organizace;Městská část Praha 10
Kišiněvská;1; 10;all;Základní škola Eden, Praha 10, Vladivostocká 1035/6, příspěvková organizace;Městská část Praha 10
Kubánské náměstí;12;10000;all;Základní škola Eden, Praha 10, Vladivostocká 1035/6, příspěvková organizace;Městská část Praha 10
Lvovská;0;10000;all;Základní škola Eden, Praha 10, Vladivostocká 1035/6, příspěvková organizace;Městská část Praha 10
Modletínská;0;10000;all;Základní škola Eden, Praha 10, Vladivostocká 1035/6, příspěvková organizace;Městská část Praha 10
Moskevská;92;92;all;Základní škola Eden, Praha 10, Vladivostocká 1035/6, příspěvková organizace;Městská část Praha 10
Na Bohdalci;0;10000;all;Základní škola Eden, Praha 10, Vladivostocká 1035/6, příspěvková organizace;Městská část Praha 10
Na hroudě;1; 23;odd;Základní škola Eden, Praha 10, Vladivostocká 1035/6, příspěvková organizace;Městská část Praha 10
Na křivce;0;10000;all;Základní škola Eden, Praha 10, Vladivostocká 1035/6, příspěvková organizace;Městská část Praha 10
Na pahorku;0;10000;all;Základní škola Eden, Praha 10, Vladivostocká 1035/6, příspěvková organizace;Městská část Praha 10
Na slatinách;0;10000;all;Základní škola Eden, Praha 10, Vladivostocká 1035/6, příspěvková organizace;Městská část Praha 10
Na stezce;0;10000;all;Základní škola Eden, Praha 10, Vladivostocká 1035/6, příspěvková organizace;Městská část Praha 10
Na Sychrově;0;10000;all;Základní škola Eden, Praha 10, Vladivostocká 1035/6, příspěvková organizace;Městská část Praha 10
Na vrších;0;10000;all;Základní škola Eden, Praha 10, Vladivostocká 1035/6, příspěvková organizace;Městská část Praha 10
Nad elektrárnou;0;10000;all;Základní škola Eden, Praha 10, Vladivostocká 1035/6, příspěvková organizace;Městská část Praha 10
Nad Slávií;0;10000;all;Základní škola Eden, Praha 10, Vladivostocká 1035/6, příspěvková organizace;Městská část Praha 10
Nad Vinným potokem;0;10000;all;Základní škola Eden, Praha 10, Vladivostocká 1035/6, příspěvková organizace;Městská část Praha 10
Nad Vršovskou horou;0;10000;all;Základní škola Eden, Praha 10, Vladivostocká 1035/6, příspěvková organizace;Městská část Praha 10
Novobohdalecká;0;10000;all;Základní škola Eden, Praha 10, Vladivostocká 1035/6, příspěvková organizace;Městská část Praha 10
Osnická;0;10000;all;Základní škola Eden, Praha 10, Vladivostocká 1035/6, příspěvková organizace;Městská část Praha 10
Pod Bohdalcem I;0;10000;all;Základní škola Eden, Praha 10, Vladivostocká 1035/6, příspěvková organizace;Městská část Praha 10
Pod Bohdalcem II;0;10000;all;Základní škola Eden, Praha 10, Vladivostocká 1035/6, příspěvková organizace;Městská část Praha 10
Pod Sychrovem I;0;10000;all;Základní škola Eden, Praha 10, Vladivostocká 1035/6, příspěvková organizace;Městská část Praha 10
Pod Sychrovem II;0;10000;all;Základní škola Eden, Praha 10, Vladivostocká 1035/6, příspěvková organizace;Městská část Praha 10
Popovická;0;10000;all;Základní škola Eden, Praha 10, Vladivostocká 1035/6, příspěvková organizace;Městská část Praha 10
Sedmidomky;0;10000;all;Základní škola Eden, Praha 10, Vladivostocká 1035/6, příspěvková organizace;Městská část Praha 10
Svahová;0;10000;all;Základní škola Eden, Praha 10, Vladivostocká 1035/6, příspěvková organizace;Městská část Praha 10
Štiřínská;0;10000;all;Základní škola Eden, Praha 10, Vladivostocká 1035/6, příspěvková organizace;Městská část Praha 10
Tachlovická;0;10000;all;Základní škola Eden, Praha 10, Vladivostocká 1035/6, příspěvková organizace;Městská část Praha 10
U plynárny;0;10000;all;Základní škola Eden, Praha 10, Vladivostocká 1035/6, příspěvková organizace;Městská část Praha 10
U Slavie;0;10000;all;Základní škola Eden, Praha 10, Vladivostocká 1035/6, příspěvková organizace;Městská část Praha 10
U vršovického hřbitova;0;10000;all;Základní škola Eden, Praha 10, Vladivostocká 1035/6, příspěvková organizace;Městská část Praha 10
V dolině;0;10000;all;Základní škola Eden, Praha 10, Vladivostocká 1035/6, příspěvková organizace;Městská část Praha 10
V olšinách;2; 26;even;Základní škola Eden, Praha 10, Vladivostocká 1035/6, příspěvková organizace;Městská část Praha 10
Vladivostocká;0;10000;all;Základní škola Eden, Praha 10, Vladivostocká 1035/6, příspěvková organizace;Městská část Praha 10
Vršovická;70;10000;even;Základní škola Eden, Praha 10, Vladivostocká 1035/6, příspěvková organizace;Městská část Praha 10
Výstupní;0;10000;all;Základní škola Eden, Praha 10, Vladivostocká 1035/6, příspěvková organizace;Městská část Praha 10
Za Sedmidomky;0;10000;all;Základní škola Eden, Praha 10, Vladivostocká 1035/6, příspěvková organizace;Městská část Praha 10
Bulharská;1; 25;all;Základní škola Karla Čapka, Praha 10, Kodaňská 658/16, příspěvková organizace;Městská část Praha 10
Dykova;0;10000;all;Základní škola Karla Čapka, Praha 10, Kodaňská 658/16, příspěvková organizace;Městská část Praha 10
Estonská;0;10000;all;Základní škola Karla Čapka, Praha 10, Kodaňská 658/16, příspěvková organizace;Městská část Praha 10
Finská;0;10000;all;Základní škola Karla Čapka, Praha 10, Kodaňská 658/16, příspěvková organizace;Městská část Praha 10
Heroldovy sady;0;10000;all;Základní škola Karla Čapka, Praha 10, Kodaňská 658/16, příspěvková organizace;Městská část Praha 10
Holandská;0;10000;all;Základní škola Karla Čapka, Praha 10, Kodaňská 658/16, příspěvková organizace;Městská část Praha 10
Hradešínská;1; 61;all;Základní škola Karla Čapka, Praha 10, Kodaňská 658/16, příspěvková organizace;Městská část Praha 10
Chorvatská;0;10000;all;Základní škola Karla Čapka, Praha 10, Kodaňská 658/16, příspěvková organizace;Městská část Praha 10
Kodaňská;1; 63;odd;Základní škola Karla Čapka, Praha 10, Kodaňská 658/16, příspěvková organizace;Městská část Praha 10
Kodaňská;2; 32;even;Základní škola Karla Čapka, Praha 10, Kodaňská 658/16, příspěvková organizace;Městská část Praha 10
Korunní;1; 107;all;Základní škola Karla Čapka, Praha 10, Kodaňská 658/16, příspěvková organizace;Městská část Praha 10
Korunní;109;10000;all;Základní škola Karla Čapka, Praha 10, Kodaňská 658/16, příspěvková organizace;Městská část Praha 10
Madridská;0;10000;all;Základní škola Karla Čapka, Praha 10, Kodaňská 658/16, příspěvková organizace;Městská část Praha 10
Mexická;0;10000;all;Základní škola Karla Čapka, Praha 10, Kodaňská 658/16, příspěvková organizace;Městská část Praha 10
Moskevská;2; 64;even;Základní škola Karla Čapka, Praha 10, Kodaňská 658/16, příspěvková organizace;Městská část Praha 10
Moskevská;1; 57;odd;Základní škola Karla Čapka, Praha 10, Kodaňská 658/16, příspěvková organizace;Městská část Praha 10
Na Šafránce;0;10000;all;Základní škola Karla Čapka, Praha 10, Kodaňská 658/16, příspěvková organizace;Městská část Praha 10
náměstí Svatopluka Čecha;1; 6;all;Základní škola Karla Čapka, Praha 10, Kodaňská 658/16, příspěvková organizace;Městská část Praha 10
Nitranská;0;10000;all;Základní škola Karla Čapka, Praha 10, Kodaňská 658/16, příspěvková organizace;Městská část Praha 10
Norská;0;10000;all;Základní škola Karla Čapka, Praha 10, Kodaňská 658/16, příspěvková organizace;Městská část Praha 10
Ruská;2; 58;even;Základní škola Karla Čapka, Praha 10, Kodaňská 658/16, příspěvková organizace;Městská část Praha 10
Ruská;1; 43;odd;Základní škola Karla Čapka, Praha 10, Kodaňská 658/16, příspěvková organizace;Městská část Praha 10
Říčanská;0;10000;all;Základní škola Karla Čapka, Praha 10, Kodaňská 658/16, příspěvková organizace;Městská část Praha 10
Řipská;1; 7;all;Základní škola Karla Čapka, Praha 10, Kodaňská 658/16, příspěvková organizace;Městská část Praha 10
Slovenská;0;10000;all;Základní škola Karla Čapka, Praha 10, Kodaňská 658/16, příspěvková organizace;Městská část Praha 10
Slovinská;0;10000;all;Základní škola Karla Čapka, Praha 10, Kodaňská 658/16, příspěvková organizace;Městská část Praha 10
Sobotecká;0;10000;all;Základní škola Karla Čapka, Praha 10, Kodaňská 658/16, příspěvková organizace;Městská část Praha 10
Žitomírská;15;10000;all;Základní škola Karla Čapka, Praha 10, Kodaňská 658/16, příspěvková organizace;Městská část Praha 10
Bečvářova;0;10000;all;Základní škola Solidarita, Praha 10, Brigádníků 510/14, příspěvková organizace;Městská část Praha 10
Brigádníků;0;10000;all;Základní škola Solidarita, Praha 10, Brigádníků 510/14, příspěvková organizace;Městská část Praha 10
Černokostelecká;0;10000;even;Základní škola Solidarita, Praha 10, Brigádníků 510/14, příspěvková organizace;Městská část Praha 10
Dětská;0;10000;all;Základní škola Solidarita, Praha 10, Brigádníků 510/14, příspěvková organizace;Městská část Praha 10
Dvouletky;0;10000;all;Základní škola Solidarita, Praha 10, Brigádníků 510/14, příspěvková organizace;Městská část Praha 10
K Rybníčkům;28;10000;all;Základní škola Solidarita, Praha 10, Brigádníků 510/14, příspěvková organizace;Městská část Praha 10
Kralická;0;10000;all;Základní škola Solidarita, Praha 10, Brigádníků 510/14, příspěvková organizace;Městská část Praha 10
Nad Primaskou;31;10000;odd;Základní škola Solidarita, Praha 10, Brigádníků 510/14, příspěvková organizace;Městská část Praha 10
Nad Primaskou;22;10000;even;Základní škola Solidarita, Praha 10, Brigádníků 510/14, příspěvková organizace;Městská část Praha 10
Nosická;18;10000;all;Základní škola Solidarita, Praha 10, Brigádníků 510/14, příspěvková organizace;Městská část Praha 10
Novostrašnická;0;10000;all;Základní škola Solidarita, Praha 10, Brigádníků 510/14, příspěvková organizace;Městská část Praha 10
Pod hotelem;0;10000;all;Základní škola Solidarita, Praha 10, Brigádníků 510/14, příspěvková organizace;Městská část Praha 10
Podle trati;0;10000;all;Základní škola Solidarita, Praha 10, Brigádníků 510/14, příspěvková organizace;Městská část Praha 10
Průmyslová;0;10000;all;Základní škola Solidarita, Praha 10, Brigádníků 510/14, příspěvková organizace;Městská část Praha 10
Saratovská;0;10000;all;Základní škola Solidarita, Praha 10, Brigádníků 510/14, příspěvková organizace;Městská část Praha 10
Sazečská;0;10000;all;Základní škola Solidarita, Praha 10, Brigádníků 510/14, příspěvková organizace;Městská část Praha 10
Služeb;0;10000;all;Základní škola Solidarita, Praha 10, Brigádníků 510/14, příspěvková organizace;Městská část Praha 10
Solidarity;0;10000;all;Základní škola Solidarita, Praha 10, Brigádníků 510/14, příspěvková organizace;Městská část Praha 10
Starostrašnická;0;10000;all;Základní škola Solidarita, Praha 10, Brigádníků 510/14, příspěvková organizace;Městská část Praha 10
Škvorecká;0;10000;all;Základní škola Solidarita, Praha 10, Brigádníků 510/14, příspěvková organizace;Městská část Praha 10
Teplárenská;0;10000;all;Základní škola Solidarita, Praha 10, Brigádníků 510/14, příspěvková organizace;Městská část Praha 10
Tiskařská;0;10000;all;Základní škola Solidarita, Praha 10, Brigádníků 510/14, příspěvková organizace;Městská část Praha 10
Třebohostická;0;10000;all;Základní škola Solidarita, Praha 10, Brigádníků 510/14, příspěvková organizace;Městská část Praha 10
Turnovského;0;10000;all;Základní škola Solidarita, Praha 10, Brigádníků 510/14, příspěvková organizace;Městská část Praha 10
U hřiště;0;10000;all;Základní škola Solidarita, Praha 10, Brigádníků 510/14, příspěvková organizace;Městská část Praha 10
U kombinátu;0;10000;all;Základní škola Solidarita, Praha 10, Brigádníků 510/14, příspěvková organizace;Městská část Praha 10
U Stavoservisu;0;10000;all;Základní škola Solidarita, Praha 10, Brigádníků 510/14, příspěvková organizace;Městská část Praha 10
V olšinách;110; 122;even;Základní škola Solidarita, Praha 10, Brigádníků 510/14, příspěvková organizace;Městská část Praha 10
Věšínova;0;10000;all;Základní škola Solidarita, Praha 10, Brigádníků 510/14, příspěvková organizace;Městská část Praha 10
Za poštou;0;10000;all;Základní škola Solidarita, Praha 10, Brigádníků 510/14, příspěvková organizace;Městská část Praha 10
Aubrechtové;0;10000;all;Základní škola, Praha 10, Břečťanová 2919/6, příspěvková organizace;Městská část Praha 10
Bramboříková;0;10000;all;Základní škola, Praha 10, Břečťanová 2919/6, příspěvková organizace;Městská část Praha 10
Broskvoňová;0;10000;all;Základní škola, Praha 10, Břečťanová 2919/6, příspěvková organizace;Městská část Praha 10
Břečťanová;0;10000;all;Základní škola, Praha 10, Břečťanová 2919/6, příspěvková organizace;Městská část Praha 10
Dolní Chaloupky;0;10000;all;Základní škola, Praha 10, Břečťanová 2919/6, příspěvková organizace;Městská část Praha 10
Ellnerové;0;10000;all;Základní škola, Praha 10, Břečťanová 2919/6, příspěvková organizace;Městská část Praha 10
Ginzova;0;10000;all;Základní škola, Praha 10, Břečťanová 2919/6, příspěvková organizace;Městská část Praha 10
Hlohová;0;10000;all;Základní škola, Praha 10, Břečťanová 2919/6, příspěvková organizace;Městská část Praha 10
Holubkova;0;10000;all;Základní škola, Praha 10, Břečťanová 2919/6, příspěvková organizace;Městská část Praha 10
Horní Chaloupky;0;10000;all;Základní škola, Praha 10, Břečťanová 2919/6, příspěvková organizace;Městská část Praha 10
Hrušňová;0;10000;all;Základní škola, Praha 10, Břečťanová 2919/6, příspěvková organizace;Městská část Praha 10
Hyacintová;0;10000;all;Základní škola, Praha 10, Břečťanová 2919/6, příspěvková organizace;Městská část Praha 10
Chmelová;0;10000;all;Základní škola, Praha 10, Břečťanová 2919/6, příspěvková organizace;Městská část Praha 10
Jabloňová;1; 53;odd;Základní škola, Praha 10, Břečťanová 2919/6, příspěvková organizace;Městská část Praha 10
Jabloňová;2; 82;even;Základní škola, Praha 10, Břečťanová 2919/6, příspěvková organizace;Městská část Praha 10
Jesenická;0;10000;all;Základní škola, Praha 10, Břečťanová 2919/6, příspěvková organizace;Městská část Praha 10
Jetelová;0;10000;all;Základní škola, Praha 10, Břečťanová 2919/6, příspěvková organizace;Městská část Praha 10
Jižní spojka;0;10000;all;Základní škola, Praha 10, Břečťanová 2919/6, příspěvková organizace;Městská část Praha 10
K Chaloupkám;0;10000;all;Základní škola, Praha 10, Břečťanová 2919/6, příspěvková organizace;Městská část Praha 10
K prádelně;0;10000;all;Základní škola, Praha 10, Břečťanová 2919/6, příspěvková organizace;Městská část Praha 10
K vodě;0;10000;all;Základní škola, Praha 10, Břečťanová 2919/6, příspěvková organizace;Městská část Praha 10
Ke skalkám;0;10000;all;Základní škola, Praha 10, Břečťanová 2919/6, příspěvková organizace;Městská část Praha 10
Ke Spořilovu;0;10000;all;Základní škola, Praha 10, Břečťanová 2919/6, příspěvková organizace;Městská část Praha 10
Mečíková;0;10000;all;Základní škola, Praha 10, Břečťanová 2919/6, příspěvková organizace;Městská část Praha 10
Meruňková;0;10000;all;Základní škola, Praha 10, Břečťanová 2919/6, příspěvková organizace;Městská část Praha 10
Milínská;0;10000;all;Základní škola, Praha 10, Břečťanová 2919/6, příspěvková organizace;Městská část Praha 10
Na Botiči;0;10000;all;Základní škola, Praha 10, Břečťanová 2919/6, příspěvková organizace;Městská část Praha 10
Na lávce;0;10000;all;Základní škola, Praha 10, Břečťanová 2919/6, příspěvková organizace;Městská část Praha 10
Na Slatince;0;10000;all;Základní škola, Praha 10, Břečťanová 2919/6, příspěvková organizace;Městská část Praha 10
Na vinobraní;0;10000;all;Základní škola, Praha 10, Břečťanová 2919/6, příspěvková organizace;Městská část Praha 10
Nad Chaloupkami;0;10000;all;Základní škola, Praha 10, Břečťanová 2919/6, příspěvková organizace;Městská část Praha 10
Nad Trnkovem;0;10000;all;Základní škola, Praha 10, Břečťanová 2919/6, příspěvková organizace;Městská část Praha 10
Ostružinová;0;10000;odd;Základní škola, Praha 10, Břečťanová 2919/6, příspěvková organizace;Městská část Praha 10
Oty Pavla;0;10000;all;Základní škola, Praha 10, Břečťanová 2919/6, příspěvková organizace;Městská část Praha 10
Podle náhonu;0;10000;all;Základní škola, Praha 10, Břečťanová 2919/6, příspěvková organizace;Městská část Praha 10
Pöslova;0;10000;all;Základní škola, Praha 10, Břečťanová 2919/6, příspěvková organizace;Městská část Praha 10
Před Skalkami I;0;10000;all;Základní škola, Praha 10, Břečťanová 2919/6, příspěvková organizace;Městská část Praha 10
Před Skalkami II;0;10000;all;Základní škola, Praha 10, Břečťanová 2919/6, příspěvková organizace;Městská část Praha 10
Přespolní;0;10000;all;Základní škola, Praha 10, Břečťanová 2919/6, příspěvková organizace;Městská část Praha 10
Ryšánkova;0;10000;all;Základní škola, Praha 10, Břečťanová 2919/6, příspěvková organizace;Městská část Praha 10
Slívová;0;10000;all;Základní škola, Praha 10, Břečťanová 2919/6, příspěvková organizace;Městská část Praha 10
Sněženková;0;10000;even;Základní škola, Praha 10, Břečťanová 2919/6, příspěvková organizace;Městská část Praha 10
Střemchová;0;10000;all;Základní škola, Praha 10, Břečťanová 2919/6, příspěvková organizace;Městská část Praha 10
U splavu;0;10000;all;Základní škola, Praha 10, Břečťanová 2919/6, příspěvková organizace;Městská část Praha 10
U vinné révy;0;10000;all;Základní škola, Praha 10, Břečťanová 2919/6, příspěvková organizace;Městská část Praha 10
U záběhlického zámku;0;10000;all;Základní škola, Praha 10, Břečťanová 2919/6, příspěvková organizace;Městská část Praha 10
U Zahradního města;0;10000;all;Základní škola, Praha 10, Břečťanová 2919/6, příspěvková organizace;Městská část Praha 10
U zákrutu;0;10000;all;Základní škola, Praha 10, Břečťanová 2919/6, příspěvková organizace;Městská část Praha 10
V Korytech;0;10000;all;Základní škola, Praha 10, Břečťanová 2919/6, příspěvková organizace;Městská část Praha 10
V ochozu;0;10000;all;Základní škola, Praha 10, Břečťanová 2919/6, příspěvková organizace;Městská část Praha 10
Ve slatinách;0;10000;all;Základní škola, Praha 10, Břečťanová 2919/6, příspěvková organizace;Městská část Praha 10
Vinšova;0;10000;all;Základní škola, Praha 10, Břečťanová 2919/6, příspěvková organizace;Městská část Praha 10
Za návsí;0;10000;all;Základní škola, Praha 10, Břečťanová 2919/6, příspěvková organizace;Městská část Praha 10
Za potokem;0;10000;all;Základní škola, Praha 10, Břečťanová 2919/6, příspěvková organizace;Městská část Praha 10
Za slatinami;0;10000;all;Základní škola, Praha 10, Břečťanová 2919/6, příspěvková organizace;Městská část Praha 10
Záběhlická;0;10000;all;Základní škola, Praha 10, Břečťanová 2919/6, příspěvková organizace;Městská část Praha 10
Žirovnická;0;10000;all;Základní škola, Praha 10, Břečťanová 2919/6, příspěvková organizace;Městská část Praha 10
Benická;0;10000;all;Základní škola, Praha 10, Gutova 1987/39, příspěvková organizace;Městská část Praha 10
Bylanská;0;10000;all;Základní škola, Praha 10, Gutova 1987/39, příspěvková organizace;Městská část Praha 10
Čestlická;0;10000;all;Základní škola, Praha 10, Gutova 1987/39, příspěvková organizace;Městská část Praha 10
Dubečská;1; 9;all;Základní škola, Praha 10, Gutova 1987/39, příspěvková organizace;Městská část Praha 10
Gutova;0;10000;all;Základní škola, Praha 10, Gutova 1987/39, příspěvková organizace;Městská část Praha 10
Hvozdnická;0;10000;all;Základní škola, Praha 10, Gutova 1987/39, příspěvková organizace;Městská část Praha 10
K Rybníčkům;1; 26;all;Základní škola, Praha 10, Gutova 1987/39, příspěvková organizace;Městská část Praha 10
Ke Strašnické;0;10000;all;Základní škola, Praha 10, Gutova 1987/39, příspěvková organizace;Městská část Praha 10
Kolovratská;0;10000;all;Základní škola, Praha 10, Gutova 1987/39, příspěvková organizace;Městská část Praha 10
Korytná;0;10000;all;Základní škola, Praha 10, Gutova 1987/39, příspěvková organizace;Městská část Praha 10
Krátká;15;15;even;Základní škola, Praha 10, Gutova 1987/39, příspěvková organizace;Městská část Praha 10
Krátká;12;10000;even;Základní škola, Praha 10, Gutova 1987/39, příspěvková organizace;Městská část Praha 10
Kruhová;0;10000;all;Základní škola, Praha 10, Gutova 1987/39, příspěvková organizace;Městská část Praha 10
Krupská;0;10000;all;Základní škola, Praha 10, Gutova 1987/39, příspěvková organizace;Městská část Praha 10
Litochlebská;0;10000;all;Základní škola, Praha 10, Gutova 1987/39, příspěvková organizace;Městská část Praha 10
Malá Bylanská;0;10000;all;Základní škola, Praha 10, Gutova 1987/39, příspěvková organizace;Městská část Praha 10
Molitorovská;0;10000;all;Základní škola, Praha 10, Gutova 1987/39, příspěvková organizace;Městská část Praha 10
Mrštíkova;0;10000;all;Základní škola, Praha 10, Gutova 1987/39, příspěvková organizace;Městská část Praha 10
Na hroudě;0;10000;even;Základní škola, Praha 10, Gutova 1987/39, příspěvková organizace;Městská část Praha 10
Na hroudě;25;10000;odd;Základní škola, Praha 10, Gutova 1987/39, příspěvková organizace;Městská část Praha 10
Na spádu;0;10000;all;Základní škola, Praha 10, Gutova 1987/39, příspěvková organizace;Městská část Praha 10
Nad Primaskou;1; 29;odd;Základní škola, Praha 10, Gutova 1987/39, příspěvková organizace;Městská část Praha 10
Nad Primaskou;2; 20;even;Základní škola, Praha 10, Gutova 1987/39, příspěvková organizace;Městská část Praha 10
Nosická;10; 16;all;Základní škola, Praha 10, Gutova 1987/39, příspěvková organizace;Městská část Praha 10
Nučická;0;10000;all;Základní škola, Praha 10, Gutova 1987/39, příspěvková organizace;Městská část Praha 10
Nupacká;0;10000;all;Základní škola, Praha 10, Gutova 1987/39, příspěvková organizace;Městská část Praha 10
Petrovická;0;10000;all;Základní škola, Praha 10, Gutova 1987/39, příspěvková organizace;Městská část Praha 10
Pitkovická;0;10000;all;Základní škola, Praha 10, Gutova 1987/39, příspěvková organizace;Městská část Praha 10
Pod altánem;0;10000;all;Základní škola, Praha 10, Gutova 1987/39, příspěvková organizace;Městská část Praha 10
Průběžná;0;10000;all;Základní škola, Praha 10, Gutova 1987/39, příspěvková organizace;Městská část Praha 10
Průhonická;0;10000;all;Základní škola, Praha 10, Gutova 1987/39, příspěvková organizace;Městská část Praha 10
Radošovická;0;10000;all;Základní škola, Praha 10, Gutova 1987/39, příspěvková organizace;Městská část Praha 10
Srbínská;0;10000;all;Základní škola, Praha 10, Gutova 1987/39, příspěvková organizace;Městská část Praha 10
Strančická;0;10000;all;Základní škola, Praha 10, Gutova 1987/39, příspěvková organizace;Městská část Praha 10
Svojetická;0;10000;all;Základní škola, Praha 10, Gutova 1987/39, příspěvková organizace;Městská část Praha 10
Šeberovská;0;10000;all;Základní škola, Praha 10, Gutova 1987/39, příspěvková organizace;Městská část Praha 10
U hranic;0;10000;all;Základní škola, Praha 10, Gutova 1987/39, příspěvková organizace;Městská část Praha 10
U hráze;0;10000;all;Základní škola, Praha 10, Gutova 1987/39, příspěvková organizace;Městská část Praha 10
U nových vil;0;10000;all;Základní škola, Praha 10, Gutova 1987/39, příspěvková organizace;Městská část Praha 10
U Trati;0;10000;all;Základní škola, Praha 10, Gutova 1987/39, příspěvková organizace;Městská část Praha 10
U Vesny;0;10000;all;Základní škola, Praha 10, Gutova 1987/39, příspěvková organizace;Městská část Praha 10
Újezdská;0;10000;all;Základní škola, Praha 10, Gutova 1987/39, příspěvková organizace;Městská část Praha 10
V olšinách;28; 108;even;Základní škola, Praha 10, Gutova 1987/39, příspěvková organizace;Městská část Praha 10
V olšinách;43; 69;odd;Základní škola, Praha 10, Gutova 1987/39, příspěvková organizace;Městská část Praha 10
V Předpolí;1; 20;all;Základní škola, Praha 10, Gutova 1987/39, příspěvková organizace;Městská část Praha 10
V zátočce;0;10000;all;Základní škola, Praha 10, Gutova 1987/39, příspěvková organizace;Městská část Praha 10
Vilová;0;10000;all;Základní škola, Praha 10, Gutova 1987/39, příspěvková organizace;Městská část Praha 10
Voděradská;0;10000;all;Základní škola, Praha 10, Gutova 1987/39, příspěvková organizace;Městská část Praha 10
Železniční;0;10000;all;Základní škola, Praha 10, Gutova 1987/39, příspěvková organizace;Městská část Praha 10
Běchovická;0;10000;all;Základní škola, Praha 10, Hostýnská 2100/2, příspěvková organizace;Městská část Praha 10
Blatovská;0;10000;all;Základní škola, Praha 10, Hostýnská 2100/2, příspěvková organizace;Městská část Praha 10
Břežanská;0;10000;all;Základní škola, Praha 10, Hostýnská 2100/2, příspěvková organizace;Městská část Praha 10
Černická;0;10000;all;Základní škola, Praha 10, Hostýnská 2100/2, příspěvková organizace;Městská část Praha 10
Černokostelecká;0;10000;odd;Základní škola, Praha 10, Hostýnská 2100/2, příspěvková organizace;Městská část Praha 10
Hostýnská;0;10000;odd;Základní škola, Praha 10, Hostýnská 2100/2, příspěvková organizace;Městská část Praha 10
Hostýnská;2; 10;even;Základní škola, Praha 10, Hostýnská 2100/2, příspěvková organizace;Městská část Praha 10
Hostýnská;16;10000;even;Základní škola, Praha 10, Hostýnská 2100/2, příspěvková organizace;Městská část Praha 10
Hřibská;0;10000;all;Základní škola, Praha 10, Hostýnská 2100/2, příspěvková organizace;Městská část Praha 10
Izraelská;0;10000;all;Základní škola, Praha 10, Hostýnská 2100/2, příspěvková organizace;Městská část Praha 10
Janýrova;0;10000;all;Základní škola, Praha 10, Hostýnská 2100/2, příspěvková organizace;Městská část Praha 10
Kounická;0;10000;all;Základní škola, Praha 10, Hostýnská 2100/2, příspěvková organizace;Městská část Praha 10
Limuzská;0;10000;all;Základní škola, Praha 10, Hostýnská 2100/2, příspěvková organizace;Městská část Praha 10
Malínská;0;10000;all;Základní škola, Praha 10, Hostýnská 2100/2, příspěvková organizace;Městská část Praha 10
Na palouku;0;10000;all;Základní škola, Praha 10, Hostýnská 2100/2, příspěvková organizace;Městská část Praha 10
Na vinici;0;10000;all;Základní škola, Praha 10, Hostýnská 2100/2, příspěvková organizace;Městská část Praha 10
Na výsluní;0;10000;all;Základní škola, Praha 10, Hostýnská 2100/2, příspěvková organizace;Městská část Praha 10
Nad úžlabinou;0;10000;all;Základní škola, Praha 10, Hostýnská 2100/2, příspěvková organizace;Městská část Praha 10
Názovská;0;10000;all;Základní škola, Praha 10, Hostýnská 2100/2, příspěvková organizace;Městská část Praha 10
Ovčárská;0;10000;all;Základní škola, Praha 10, Hostýnská 2100/2, příspěvková organizace;Městská část Praha 10
Plaňanská;0;10000;all;Základní škola, Praha 10, Hostýnská 2100/2, příspěvková organizace;Městská část Praha 10
Počernická;0;10000;even;Základní škola, Praha 10, Hostýnská 2100/2, příspěvková organizace;Městská část Praha 10
Pod strašnickou vinicí;0;10000;all;Základní škola, Praha 10, Hostýnská 2100/2, příspěvková organizace;Městská část Praha 10
Přistoupimská;0;10000;all;Základní škola, Praha 10, Hostýnská 2100/2, příspěvková organizace;Městská část Praha 10
Révová;0;10000;all;Základní škola, Praha 10, Hostýnská 2100/2, příspěvková organizace;Městská část Praha 10
Rostoklatská;0;10000;all;Základní škola, Praha 10, Hostýnská 2100/2, příspěvková organizace;Městská část Praha 10
Tejnická;0;10000;all;Základní škola, Praha 10, Hostýnská 2100/2, příspěvková organizace;Městská část Praha 10
Tismická;0;10000;all;Základní škola, Praha 10, Hostýnská 2100/2, příspěvková organizace;Městská část Praha 10
Tuchorazská;0;10000;all;Základní škola, Praha 10, Hostýnská 2100/2, příspěvková organizace;Městská část Praha 10
Tuklatská;0;10000;all;Základní škola, Praha 10, Hostýnská 2100/2, příspěvková organizace;Městská část Praha 10
U vozovny;0;10000;all;Základní škola, Praha 10, Hostýnská 2100/2, příspěvková organizace;Městská část Praha 10
V úžlabině;0;10000;all;Základní škola, Praha 10, Hostýnská 2100/2, příspěvková organizace;Městská část Praha 10
Ve stínu;0;10000;all;Základní škola, Praha 10, Hostýnská 2100/2, příspěvková organizace;Městská část Praha 10
Vinohradská;0;10000;all;Základní škola, Praha 10, Hostýnská 2100/2, příspěvková organizace;Městská část Praha 10
Vrátkovská;0;10000;all;Základní škola, Praha 10, Hostýnská 2100/2, příspěvková organizace;Městská část Praha 10
Vrbčanská;0;10000;all;Základní škola, Praha 10, Hostýnská 2100/2, příspěvková organizace;Městská část Praha 10
Vykáňská;0;10000;all;Základní škola, Praha 10, Hostýnská 2100/2, příspěvková organizace;Městská část Praha 10
Bajkalská;0;10000;all;Základní škola, Praha 10, Jakutská 1210/2, příspěvková organizace;Městská část Praha 10
Bělocerkevská;0;10000;even;Základní škola, Praha 10, Jakutská 1210/2, příspěvková organizace;Městská část Praha 10
Benešovská;0;10000;all;Základní škola, Praha 10, Jakutská 1210/2, příspěvková organizace;Městská část Praha 10
Bratří Čapků;0;10000;all;Základní škola, Praha 10, Jakutská 1210/2, příspěvková organizace;Městská část Praha 10
Čeljabinská;0;10000;all;Základní škola, Praha 10, Jakutská 1210/2, příspěvková organizace;Městská část Praha 10
Dukelská;0;10000;all;Základní škola, Praha 10, Jakutská 1210/2, příspěvková organizace;Městská část Praha 10
Gruzínská;9; 20;all;Základní škola, Praha 10, Jakutská 1210/2, příspěvková organizace;Městská část Praha 10
Hradešínská;58;10000;even;Základní škola, Praha 10, Jakutská 1210/2, příspěvková organizace;Městská část Praha 10
Hradešínská;63;10000;odd;Základní škola, Praha 10, Jakutská 1210/2, příspěvková organizace;Městská část Praha 10
Irkutská;0;10000;all;Základní škola, Praha 10, Jakutská 1210/2, příspěvková organizace;Městská část Praha 10
Jakutská;0;10000;all;Základní škola, Praha 10, Jakutská 1210/2, příspěvková organizace;Městská část Praha 10
Jerevanská;12; 16;all;Základní škola, Praha 10, Jakutská 1210/2, příspěvková organizace;Městská část Praha 10
Karpatská;11;10000;all;Základní škola, Praha 10, Jakutská 1210/2, příspěvková organizace;Městská část Praha 10
Korunní;108;108;all;Základní škola, Praha 10, Jakutská 1210/2, příspěvková organizace;Městská část Praha 10
Krasnojarská;0;10000;all;Základní škola, Praha 10, Jakutská 1210/2, příspěvková organizace;Městská část Praha 10
Krátká;2; 10;even;Základní škola, Praha 10, Jakutská 1210/2, příspěvková organizace;Městská část Praha 10
Kubánské náměstí;1; 11;all;Základní škola, Praha 10, Jakutská 1210/2, příspěvková organizace;Městská část Praha 10
Kišiněvská;11;10000;all;Základní škola, Praha 10, Jakutská 1210/2, příspěvková organizace;Městská část Praha 10
Litevská;0;10000;all;Základní škola, Praha 10, Jakutská 1210/2, příspěvková organizace;Městská část Praha 10
Murmanská;0;10000;all;Základní škola, Praha 10, Jakutská 1210/2, příspěvková organizace;Městská část Praha 10
Nad olšinami;0;10000;all;Základní škola, Praha 10, Jakutská 1210/2, příspěvková organizace;Městská část Praha 10
Nad Primaskou;1;1;all;Základní škola, Praha 10, Jakutská 1210/2, příspěvková organizace;Městská část Praha 10
Nad Primaskou;1;1;all;Základní škola, Praha 10, Jakutská 1210/2, příspěvková organizace;Městská část Praha 10
Nad Primaskou;1;1;all;Základní škola, Praha 10, Jakutská 1210/2, příspěvková organizace;Městská část Praha 10
Omská;0;10000;all;Základní škola, Praha 10, Jakutská 1210/2, příspěvková organizace;Městská část Praha 10
Pod Rapidem;0;10000;all;Základní škola, Praha 10, Jakutská 1210/2, příspěvková organizace;Městská část Praha 10
Ruská;114;10000;even;Základní škola, Praha 10, Jakutská 1210/2, příspěvková organizace;Městská část Praha 10
Šrobárova;0;10000;all;Základní škola, Praha 10, Jakutská 1210/2, příspěvková organizace;Městská část Praha 10
Tulská;0;10000;all;Základní škola, Praha 10, Jakutská 1210/2, příspěvková organizace;Městská část Praha 10
U zdravotního ústavu;0;10000;all;Základní škola, Praha 10, Jakutská 1210/2, příspěvková organizace;Městská část Praha 10
Užocká;0;10000;all;Základní škola, Praha 10, Jakutská 1210/2, příspěvková organizace;Městská část Praha 10
V olšinách;1; 41;odd;Základní škola, Praha 10, Jakutská 1210/2, příspěvková organizace;Městská část Praha 10
V předpolí;21;10000;all;Základní škola, Praha 10, Jakutská 1210/2, příspěvková organizace;Městská část Praha 10
Vlašimská;0;10000;all;Základní škola, Praha 10, Jakutská 1210/2, příspěvková organizace;Městská část Praha 10
Volyňská;0;10000;all;Základní škola, Praha 10, Jakutská 1210/2, příspěvková organizace;Městská část Praha 10
Vršovická;69;10000;odd;Základní škola, Praha 10, Jakutská 1210/2, příspěvková organizace;Městská část Praha 10
Za strašnickou vozovnou;0;10000;all;Základní škola, Praha 10, Jakutská 1210/2, příspěvková organizace;Městská část Praha 10
Akademická;0;10000;all;Základní škola, Praha 10, Nad Vodovodem 460/81, příspěvková organizace;Městská část Praha 10
Bacháčkova;0;10000;all;Základní škola, Praha 10, Nad Vodovodem 460/81, příspěvková organizace;Městská část Praha 10
Bakalářská;0;10000;all;Základní škola, Praha 10, Nad Vodovodem 460/81, příspěvková organizace;Městská část Praha 10
Božecká;0;10000;all;Základní škola, Praha 10, Nad Vodovodem 460/81, příspěvková organizace;Městská část Praha 10
Bydžovského;0;10000;all;Základní škola, Praha 10, Nad Vodovodem 460/81, příspěvková organizace;Městská část Praha 10
Cerhenická;0;10000;all;Základní škola, Praha 10, Nad Vodovodem 460/81, příspěvková organizace;Městská část Praha 10
Dřevčická;0;10000;all;Základní škola, Praha 10, Nad Vodovodem 460/81, příspěvková organizace;Městská část Praha 10
Dubského;0;10000;all;Základní škola, Praha 10, Nad Vodovodem 460/81, příspěvková organizace;Městská část Praha 10
Gollova;0;10000;all;Základní škola, Praha 10, Nad Vodovodem 460/81, příspěvková organizace;Městská část Praha 10
Heldova;0;10000;all;Základní škola, Praha 10, Nad Vodovodem 460/81, příspěvková organizace;Městská část Praha 10
Hostýnská;12;12;all;Základní škola, Praha 10, Nad Vodovodem 460/81, příspěvková organizace;Městská část Praha 10
Hostýnská;14;14;all;Základní škola, Praha 10, Nad Vodovodem 460/81, příspěvková organizace;Městská část Praha 10
Chládkova;0;10000;all;Základní škola, Praha 10, Nad Vodovodem 460/81, příspěvková organizace;Městská část Praha 10
Chotouňská;0;10000;all;Základní škola, Praha 10, Nad Vodovodem 460/81, příspěvková organizace;Městská část Praha 10
Chotutická;0;10000;all;Základní škola, Praha 10, Nad Vodovodem 460/81, příspěvková organizace;Městská část Praha 10
Janderova;0;10000;all;Základní škola, Praha 10, Nad Vodovodem 460/81, příspěvková organizace;Městská část Praha 10
K Červenému dvoru;0;10000;all;Základní škola, Praha 10, Nad Vodovodem 460/81, příspěvková organizace;Městská část Praha 10
Kampanova;0;10000;all;Základní škola, Praha 10, Nad Vodovodem 460/81, příspěvková organizace;Městská část Praha 10
Kaňkova;0;10000;all;Základní škola, Praha 10, Nad Vodovodem 460/81, příspěvková organizace;Městská část Praha 10
Káranská;0;10000;all;Základní škola, Praha 10, Nad Vodovodem 460/81, příspěvková organizace;Městská část Praha 10
Kodicilova;0;10000;all;Základní škola, Praha 10, Nad Vodovodem 460/81, příspěvková organizace;Městská část Praha 10
Kolonie u obecní cihelny;0;10000;all;Základní škola, Praha 10, Nad Vodovodem 460/81, příspěvková organizace;Městská část Praha 10
Lipecká;0;10000;all;Základní škola, Praha 10, Nad Vodovodem 460/81, příspěvková organizace;Městská část Praha 10
Malešická;0;10000;all;Základní škola, Praha 10, Nad Vodovodem 460/81, příspěvková organizace;Městská část Praha 10
Malešické náměstí;0;10000;all;Základní škola, Praha 10, Nad Vodovodem 460/81, příspěvková organizace;Městská část Praha 10
Marciho;0;10000;all;Základní škola, Praha 10, Nad Vodovodem 460/81, příspěvková organizace;Městská část Praha 10
Mistrovská;0;10000;all;Základní škola, Praha 10, Nad Vodovodem 460/81, příspěvková organizace;Městská část Praha 10
Mölzerova;0;10000;all;Základní škola, Praha 10, Nad Vodovodem 460/81, příspěvková organizace;Městská část Praha 10
Na Třebešíně;0;10000;all;Základní škola, Praha 10, Nad Vodovodem 460/81, příspěvková organizace;Městská část Praha 10
Na universitním statku;0;10000;all;Základní škola, Praha 10, Nad Vodovodem 460/81, příspěvková organizace;Městská část Praha 10
Na úseku;0;10000;all;Základní škola, Praha 10, Nad Vodovodem 460/81, příspěvková organizace;Městská část Praha 10
Nad kapličkou;0;10000;all;Základní škola, Praha 10, Nad Vodovodem 460/81, příspěvková organizace;Městská část Praha 10
Nad Třebešínem I;0;10000;all;Základní škola, Praha 10, Nad Vodovodem 460/81, příspěvková organizace;Městská část Praha 10
Nad Třebešínem II;0;10000;all;Základní škola, Praha 10, Nad Vodovodem 460/81, příspěvková organizace;Městská část Praha 10
Nad Třebešínem III;0;10000;all;Základní škola, Praha 10, Nad Vodovodem 460/81, příspěvková organizace;Městská část Praha 10
Nad Vodovodem;0;10000;all;Základní škola, Praha 10, Nad Vodovodem 460/81, příspěvková organizace;Městská část Praha 10
Niederleho;0;10000;all;Základní škola, Praha 10, Nad Vodovodem 460/81, příspěvková organizace;Městská část Praha 10
Okrajní;0;10000;all;Základní škola, Praha 10, Nad Vodovodem 460/81, příspěvková organizace;Městská část Praha 10
Počernická;0;10000;odd;Základní škola, Praha 10, Nad Vodovodem 460/81, příspěvková organizace;Městská část Praha 10
Pod kapličkou;0;10000;all;Základní škola, Praha 10, Nad Vodovodem 460/81, příspěvková organizace;Městská část Praha 10
Pod Třebešínem;0;10000;all;Základní škola, Praha 10, Nad Vodovodem 460/81, příspěvková organizace;Městská část Praha 10
Pod Viktorkou;0;10000;all;Základní škola, Praha 10, Nad Vodovodem 460/81, příspěvková organizace;Městská část Praha 10
Polygrafická;0;10000;all;Základní škola, Praha 10, Nad Vodovodem 460/81, příspěvková organizace;Městská část Praha 10
Prorektorská;0;10000;all;Základní škola, Praha 10, Nad Vodovodem 460/81, příspěvková organizace;Městská část Praha 10
Rektorská;0;10000;all;Základní škola, Praha 10, Nad Vodovodem 460/81, příspěvková organizace;Městská část Praha 10
Skřivanská;0;10000;all;Základní škola, Praha 10, Nad Vodovodem 460/81, příspěvková organizace;Městská část Praha 10
Slunečná;0;10000;all;Základní škola, Praha 10, Nad Vodovodem 460/81, příspěvková organizace;Městská část Praha 10
Strnadova;0;10000;all;Základní škola, Praha 10, Nad Vodovodem 460/81, příspěvková organizace;Městská část Praha 10
Tomsova;0;10000;all;Základní škola, Praha 10, Nad Vodovodem 460/81, příspěvková organizace;Městská část Praha 10
Troilova;0;10000;all;Základní škola, Praha 10, Nad Vodovodem 460/81, příspěvková organizace;Městská část Praha 10
U krbu;0;10000;all;Základní škola, Praha 10, Nad Vodovodem 460/81, příspěvková organizace;Městská část Praha 10
U tvrze;0;10000;all;Základní škola, Praha 10, Nad Vodovodem 460/81, příspěvková organizace;Městská část Praha 10
Ungarova;0;10000;all;Základní škola, Praha 10, Nad Vodovodem 460/81, příspěvková organizace;Městská část Praha 10
Univerzitní;0;10000;all;Základní škola, Praha 10, Nad Vodovodem 460/81, příspěvková organizace;Městská část Praha 10
Útulná;0;10000;all;Základní škola, Praha 10, Nad Vodovodem 460/81, příspěvková organizace;Městská část Praha 10
Vydrova;0;10000;all;Základní škola, Praha 10, Nad Vodovodem 460/81, příspěvková organizace;Městská část Praha 10
Za stadionem;0;10000;all;Základní škola, Praha 10, Nad Vodovodem 460/81, příspěvková organizace;Městská část Praha 10
Za Třebešínem;0;10000;all;Základní škola, Praha 10, Nad Vodovodem 460/81, příspěvková organizace;Městská část Praha 10
Zálužanského;0;10000;all;Základní škola, Praha 10, Nad Vodovodem 460/81, příspěvková organizace;Městská část Praha 10
Aldašínská;0;10000;all;Základní škola, Praha 10, Olešská 2222/18, příspěvková organizace;Městská část Praha 10
Běžná;0;10000;all;Základní škola, Praha 10, Olešská 2222/18, příspěvková organizace;Městská část Praha 10
Bolinská;0;10000;all;Základní škola, Praha 10, Olešská 2222/18, příspěvková organizace;Městská část Praha 10
Čelná;0;10000;all;Základní škola, Praha 10, Olešská 2222/18, příspěvková organizace;Městská část Praha 10
Do vršku;0;10000;all;Základní škola, Praha 10, Olešská 2222/18, příspěvková organizace;Městská část Praha 10
Dolínecká;0;10000;all;Základní škola, Praha 10, Olešská 2222/18, příspěvková organizace;Městská část Praha 10
Doubravčická;0;10000;all;Základní škola, Praha 10, Olešská 2222/18, příspěvková organizace;Městská část Praha 10
Dubečská;12;10000;even;Základní škola, Praha 10, Olešská 2222/18, příspěvková organizace;Městská část Praha 10
Dubečská;23;10000;odd;Základní škola, Praha 10, Olešská 2222/18, příspěvková organizace;Městská část Praha 10
Dürerova;0;10000;all;Základní škola, Praha 10, Olešská 2222/18, příspěvková organizace;Městská část Praha 10
Goyova;0;10000;all;Základní škola, Praha 10, Olešská 2222/18, příspěvková organizace;Městská část Praha 10
Hájecká;0;10000;all;Základní škola, Praha 10, Olešská 2222/18, příspěvková organizace;Městská část Praha 10
Jevanská;0;10000;all;Základní škola, Praha 10, Olešská 2222/18, příspěvková organizace;Městská část Praha 10
K háječku;0;10000;all;Základní škola, Praha 10, Olešská 2222/18, příspěvková organizace;Městská část Praha 10
Konojedská;0;10000;all;Základní škola, Praha 10, Olešská 2222/18, příspěvková organizace;Městská část Praha 10
Karafiátová;2; 48;even;Základní škola, Praha 10, Olešská 2222/18, příspěvková organizace;Městská část Praha 10
Královická;0;10000;all;Základní škola, Praha 10, Olešská 2222/18, příspěvková organizace;Městská část Praha 10
Křenická;0;10000;all;Základní škola, Praha 10, Olešská 2222/18, příspěvková organizace;Městská část Praha 10
Mokřanská;0;10000;all;Základní škola, Praha 10, Olešská 2222/18, příspěvková organizace;Městská část Praha 10
Mukařovská;0;10000;all;Základní škola, Praha 10, Olešská 2222/18, příspěvková organizace;Městská část Praha 10
Na padesátém;0;10000;all;Základní škola, Praha 10, Olešská 2222/18, příspěvková organizace;Městská část Praha 10
Na výhledech;0;10000;all;Základní škola, Praha 10, Olešská 2222/18, příspěvková organizace;Městská část Praha 10
náměstí Mezi zahrádkami;1; 12;all;Základní škola, Praha 10, Olešská 2222/18, příspěvková organizace;Městská část Praha 10
Narcisová;0;10000;all;Základní škola, Praha 10, Olešská 2222/18, příspěvková organizace;Městská část Praha 10
Nedvězská;0;10000;all;Základní škola, Praha 10, Olešská 2222/18, příspěvková organizace;Městská část Praha 10
Olešská;0;10000;all;Základní škola, Praha 10, Olešská 2222/18, příspěvková organizace;Městská část Praha 10
Ostružinová;40;10000;even;Základní škola, Praha 10, Olešská 2222/18, příspěvková organizace;Městská část Praha 10
Pampelišková;0;10000;all;Základní škola, Praha 10, Olešská 2222/18, příspěvková organizace;Městská část Praha 10
Pivoňková;53; 59;odd;Základní škola, Praha 10, Olešská 2222/18, příspěvková organizace;Městská část Praha 10
Plošná;0;10000;all;Základní škola, Praha 10, Olešská 2222/18, příspěvková organizace;Městská část Praha 10
Podléšková;2; 22;even;Základní škola, Praha 10, Olešská 2222/18, příspěvková organizace;Městská část Praha 10
Pomněnková;10; 44;even;Základní škola, Praha 10, Olešská 2222/18, příspěvková organizace;Městská část Praha 10
Prusická;0;10000;all;Základní škola, Praha 10, Olešská 2222/18, příspěvková organizace;Městská část Praha 10
Přetlucká;0;10000;all;Základní škola, Praha 10, Olešská 2222/18, příspěvková organizace;Městská část Praha 10
Rembrandtova;0;10000;all;Základní škola, Praha 10, Olešská 2222/18, příspěvková organizace;Městská část Praha 10
Rozmarýnová;0;10000;all;Základní škola, Praha 10, Olešská 2222/18, příspěvková organizace;Městská část Praha 10
Rubensova;0;10000;all;Základní škola, Praha 10, Olešská 2222/18, příspěvková organizace;Městská část Praha 10
Slunečnicová;0;10000;all;Základní škola, Praha 10, Olešská 2222/18, příspěvková organizace;Městská část Praha 10
Sluštická;0;10000;all;Základní škola, Praha 10, Olešská 2222/18, příspěvková organizace;Městská část Praha 10
Strašínská;0;10000;all;Základní škola, Praha 10, Olešská 2222/18, příspěvková organizace;Městská část Praha 10
Středová;0;10000;all;Základní škola, Praha 10, Olešská 2222/18, příspěvková organizace;Městská část Praha 10
Světická;0;10000;all;Základní škola, Praha 10, Olešská 2222/18, příspěvková organizace;Městská část Praha 10
Šalvějová;0;10000;all;Základní škola, Praha 10, Olešská 2222/18, příspěvková organizace;Městská část Praha 10
Štíhlická;0;10000;all;Základní škola, Praha 10, Olešská 2222/18, příspěvková organizace;Městská část Praha 10
Tehovská;0;10000;all;Základní škola, Praha 10, Olešská 2222/18, příspěvková organizace;Městská část Praha 10
Tulipánová;0;10000;all;Základní škola, Praha 10, Olešská 2222/18, příspěvková organizace;Městská část Praha 10
Uhříněveská;0;10000;all;Základní škola, Praha 10, Olešská 2222/18, příspěvková organizace;Městská část Praha 10
Vyžlovská;0;10000;all;Základní škola, Praha 10, Olešská 2222/18, příspěvková organizace;Městská část Praha 10
Želivecká;0;10000;all;Základní škola, Praha 10, Olešská 2222/18, příspěvková organizace;Městská část Praha 10
Žernovská;0;10000;all;Základní škola, Praha 10, Olešská 2222/18, příspěvková organizace;Městská část Praha 10
Fialková;0;10000;all;Základní škola, Praha 10, Švehlova 2900/12, příspěvková organizace;Městská část Praha 10
Harlacherova;0;10000;all;Základní škola, Praha 10, Švehlova 2900/12, příspěvková organizace;Městská část Praha 10
Hledíková;0;10000;all;Základní škola, Praha 10, Švehlova 2900/12, příspěvková organizace;Městská část Praha 10
Hvozdíková;0;10000;all;Základní škola, Praha 10, Švehlova 2900/12, příspěvková organizace;Městská část Praha 10
Chrpová;0;10000;all;Základní škola, Praha 10, Švehlova 2900/12, příspěvková organizace;Městská část Praha 10
Jabloňová;55;10000;odd;Základní škola, Praha 10, Švehlova 2900/12, příspěvková organizace;Městská část Praha 10
Jabloňová;84;10000;even;Základní škola, Praha 10, Švehlova 2900/12, příspěvková organizace;Městská část Praha 10
Jahodová;0;10000;all;Základní škola, Praha 10, Švehlova 2900/12, příspěvková organizace;Městská část Praha 10
Jasmínová;0;10000;all;Základní škola, Praha 10, Švehlova 2900/12, příspěvková organizace;Městská část Praha 10
Jiříčkové;0;10000;all;Základní škola, Praha 10, Švehlova 2900/12, příspěvková organizace;Městská část Praha 10
Jiřinková;0;10000;all;Základní škola, Praha 10, Švehlova 2900/12, příspěvková organizace;Městská část Praha 10
Kalinová;0;10000;all;Základní škola, Praha 10, Švehlova 2900/12, příspěvková organizace;Městská část Praha 10
Kamelova;0;10000;all;Základní škola, Praha 10, Švehlova 2900/12, příspěvková organizace;Městská část Praha 10
Kapraďová;0;10000;all;Základní škola, Praha 10, Švehlova 2900/12, příspěvková organizace;Městská část Praha 10
Karafiátová;50;10000;even;Základní škola, Praha 10, Švehlova 2900/12, příspěvková organizace;Městská část Praha 10
Konvalinková;0;10000;all;Základní škola, Praha 10, Švehlova 2900/12, příspěvková organizace;Městská část Praha 10
Kopretinová;0;10000;all;Základní škola, Praha 10, Švehlova 2900/12, příspěvková organizace;Městská část Praha 10
Kosatcová;0;10000;all;Základní škola, Praha 10, Švehlova 2900/12, příspěvková organizace;Městská část Praha 10
Leknínová;0;10000;all;Základní škola, Praha 10, Švehlova 2900/12, příspěvková organizace;Městská část Praha 10
Macešková;0;10000;all;Základní škola, Praha 10, Švehlova 2900/12, příspěvková organizace;Městská část Praha 10
Malinová;0;10000;all;Základní škola, Praha 10, Švehlova 2900/12, příspěvková organizace;Městská část Praha 10
Mateřídoušková;0;10000;all;Základní škola, Praha 10, Švehlova 2900/12, příspěvková organizace;Městská část Praha 10
Mattioliho;0;10000;all;Základní škola, Praha 10, Švehlova 2900/12, příspěvková organizace;Městská část Praha 10
Mikanova;0;10000;all;Základní škola, Praha 10, Švehlova 2900/12, příspěvková organizace;Městská část Praha 10
Mládežnická;0;10000;all;Základní škola, Praha 10, Švehlova 2900/12, příspěvková organizace;Městská část Praha 10
Nad meandry;0;10000;all;Základní škola, Praha 10, Švehlova 2900/12, příspěvková organizace;Městská část Praha 10
náměstí Mezi zahrádkami;13; 23;all;Základní škola, Praha 10, Švehlova 2900/12, příspěvková organizace;Městská část Praha 10
Ostružinová;2; 38;even;Základní škola, Praha 10, Švehlova 2900/12, příspěvková organizace;Městská část Praha 10
Petrklíčová;0;10000;all;Základní škola, Praha 10, Švehlova 2900/12, příspěvková organizace;Městská část Praha 10
Pivoňková;76;76;even;Základní škola, Praha 10, Švehlova 2900/12, příspěvková organizace;Městská část Praha 10
Pivoňková;61;10000;odd;Základní škola, Praha 10, Švehlova 2900/12, příspěvková organizace;Městská část Praha 10
Platanová;0;10000;all;Základní škola, Praha 10, Švehlova 2900/12, příspěvková organizace;Městská část Praha 10
Podléšková;61;61;odd;Základní škola, Praha 10, Švehlova 2900/12, příspěvková organizace;Městská část Praha 10
Podléšková;24;24;all;Základní škola, Praha 10, Švehlova 2900/12, příspěvková organizace;Městská část Praha 10
Pomněnková;46;10000;even;Základní škola, Praha 10, Švehlova 2900/12, příspěvková organizace;Městská část Praha 10
Práčská;0;10000;all;Základní škola, Praha 10, Švehlova 2900/12, příspěvková organizace;Městská část Praha 10
Přesličková;0;10000;all;Základní škola, Praha 10, Švehlova 2900/12, příspěvková organizace;Městská část Praha 10
Rybízová;0;10000;all;Základní škola, Praha 10, Švehlova 2900/12, příspěvková organizace;Městská část Praha 10
Sasanková;0;10000;all;Základní škola, Praha 10, Švehlova 2900/12, příspěvková organizace;Městská část Praha 10
Sněženková;0;10000;odd;Základní škola, Praha 10, Švehlova 2900/12, příspěvková organizace;Městská část Praha 10
Strašnická;0;10000;all;Základní škola, Praha 10, Švehlova 2900/12, příspěvková organizace;Městská část Praha 10
Šafránová;0;10000;all;Základní škola, Praha 10, Švehlova 2900/12, příspěvková organizace;Městská část Praha 10
Škábova;0;10000;all;Základní škola, Praha 10, Švehlova 2900/12, příspěvková organizace;Městská část Praha 10
Švehlova;0;10000;all;Základní škola, Praha 10, Švehlova 2900/12, příspěvková organizace;Městská část Praha 10
Topolová;0;10000;all;Základní škola, Praha 10, Švehlova 2900/12, příspěvková organizace;Městská část Praha 10
Velenovského;0;10000;all;Základní škola, Praha 10, Švehlova 2900/12, příspěvková organizace;Městská část Praha 10
Zvonková;0;10000;all;Základní škola, Praha 10, Švehlova 2900/12, příspěvková organizace;Městská část Praha 10
28. pluku;0;10000;all;Základní škola, Praha 10, U Roháčových kasáren 1381/19, příspěvková organizace;Městská část Praha 10
Altajská;0;10000;all;Základní škola, Praha 10, U Roháčových kasáren 1381/19, příspěvková organizace;Městská část Praha 10
Archangelská;0;10000;all;Základní škola, Praha 10, U Roháčových kasáren 1381/19, příspěvková organizace;Městská část Praha 10
Arménská;0;10000;all;Základní škola, Praha 10, U Roháčových kasáren 1381/19, příspěvková organizace;Městská část Praha 10
Baškirská;0;10000;all;Základní škola, Praha 10, U Roháčových kasáren 1381/19, příspěvková organizace;Městská část Praha 10
Bělocerkevská;0;10000;odd;Základní škola, Praha 10, U Roháčových kasáren 1381/19, příspěvková organizace;Městská část Praha 10
Bulharská;26;10000;all;Základní škola, Praha 10, U Roháčových kasáren 1381/19, příspěvková organizace;Městská část Praha 10
K louži;0;10000;all;Základní škola, Praha 10, U Roháčových kasáren 1381/19, příspěvková organizace;Městská část Praha 10
Kavkazská;0;10000;all;Základní škola, Praha 10, U Roháčových kasáren 1381/19, příspěvková organizace;Městská část Praha 10
Kazašská;0;10000;all;Základní škola, Praha 10, U Roháčových kasáren 1381/19, příspěvková organizace;Městská část Praha 10
Kodaňská;65;10000;odd;Základní škola, Praha 10, U Roháčových kasáren 1381/19, příspěvková organizace;Městská část Praha 10
Kodaňská;34;10000;even;Základní škola, Praha 10, U Roháčových kasáren 1381/19, příspěvková organizace;Městská část Praha 10
Konopišťská;0;10000;all;Základní škola, Praha 10, U Roháčových kasáren 1381/19, příspěvková organizace;Městská část Praha 10
Magnitogorská;0;10000;all;Základní škola, Praha 10, U Roháčových kasáren 1381/19, příspěvková organizace;Městská část Praha 10
Moldavská;0;10000;all;Základní škola, Praha 10, U Roháčových kasáren 1381/19, příspěvková organizace;Městská část Praha 10
Moskevská;66; 86;even;Základní škola, Praha 10, U Roháčových kasáren 1381/19, příspěvková organizace;Městská část Praha 10
Moskevská;59; 67;odd;Základní škola, Praha 10, U Roháčových kasáren 1381/19, příspěvková organizace;Městská část Praha 10
Na Míčánkách;0;10000;all;Základní škola, Praha 10, U Roháčových kasáren 1381/19, příspěvková organizace;Městská část Praha 10
Na zájezdu;0;10000;all;Základní škola, Praha 10, U Roháčových kasáren 1381/19, příspěvková organizace;Městská část Praha 10
náměstí Svatopluka Čecha;7;10000;all;Základní škola, Praha 10, U Roháčových kasáren 1381/19, příspěvková organizace;Městská část Praha 10
Novorossijská;0;10000;all;Základní škola, Praha 10, U Roháčových kasáren 1381/19, příspěvková organizace;Městská část Praha 10
Pod soutratím;0;10000;all;Základní škola, Praha 10, U Roháčových kasáren 1381/19, příspěvková organizace;Městská část Praha 10
Přípotoční;19;10000;odd;Základní škola, Praha 10, U Roháčových kasáren 1381/19, příspěvková organizace;Městská část Praha 10
Přípotoční;10;10000;even;Základní škola, Praha 10, U Roháčových kasáren 1381/19, příspěvková organizace;Městská část Praha 10
Ruská;60; 112;even;Základní škola, Praha 10, U Roháčových kasáren 1381/19, příspěvková organizace;Městská část Praha 10
Ruská;45; 83;odd;Základní škola, Praha 10, U Roháčových kasáren 1381/19, příspěvková organizace;Městská část Praha 10
Tádžická;0;10000;all;Základní škola, Praha 10, U Roháčových kasáren 1381/19, příspěvková organizace;Městská část Praha 10
Taškentská;0;10000;all;Základní škola, Praha 10, U Roháčových kasáren 1381/19, příspěvková organizace;Městská část Praha 10
Tolstého;0;10000;all;Základní škola, Praha 10, U Roháčových kasáren 1381/19, příspěvková organizace;Městská část Praha 10
Turkmenská;0;10000;all;Základní škola, Praha 10, U Roháčových kasáren 1381/19, příspěvková organizace;Městská část Praha 10
U Roháčových kasáren;0;10000;all;Základní škola, Praha 10, U Roháčových kasáren 1381/19, příspěvková organizace;Městská část Praha 10
Uzbecká;0;10000;all;Základní škola, Praha 10, U Roháčových kasáren 1381/19, příspěvková organizace;Městská část Praha 10
Vršovická;56; 68;even;Základní škola, Praha 10, U Roháčových kasáren 1381/19, příspěvková organizace;Městská část Praha 10
Vršovická;39; 65;odd;Základní škola, Praha 10, U Roháčových kasáren 1381/19, příspěvková organizace;Městská část Praha 10
Bartoškova;0;10000;all;Základní škola, Praha 10, U Vršovického nádraží 950/1, příspěvková organizace;Městská část Praha 10
Borodinská;0;10000;all;Základní škola, Praha 10, U Vršovického nádraží 950/1, příspěvková organizace;Městská část Praha 10
Černomořská;0;10000;all;Základní škola, Praha 10, U Vršovického nádraží 950/1, příspěvková organizace;Městská část Praha 10
Donská;0;10000;all;Základní škola, Praha 10, U Vršovického nádraží 950/1, příspěvková organizace;Městská část Praha 10
Francouzská;0;10000;all;Základní škola, Praha 10, U Vršovického nádraží 950/1, příspěvková organizace;Městská část Praha 10
Charkovská;0;10000;all;Základní škola, Praha 10, U Vršovického nádraží 950/1, příspěvková organizace;Městská část Praha 10
K Botiči;0;10000;all;Základní škola, Praha 10, U Vršovického nádraží 950/1, příspěvková organizace;Městská část Praha 10
Košická;0;10000;all;Základní škola, Praha 10, U Vršovického nádraží 950/1, příspěvková organizace;Městská část Praha 10
Kozácká;0;10000;all;Základní škola, Praha 10, U Vršovického nádraží 950/1, příspěvková organizace;Městská část Praha 10
Krymská;0;10000;all;Základní škola, Praha 10, U Vršovického nádraží 950/1, příspěvková organizace;Městská část Praha 10
Křeslická;0;10000;all;Základní škola, Praha 10, U Vršovického nádraží 950/1, příspěvková organizace;Městská část Praha 10
Lopuchová;0;10000;all;Základní škola, Praha 10, U Vršovického nádraží 950/1, příspěvková organizace;Městská část Praha 10
Máchova;0;10000;all;Základní škola, Praha 10, U Vršovického nádraží 950/1, příspěvková organizace;Městská část Praha 10
Minská;0;10000;all;Základní škola, Praha 10, U Vršovického nádraží 950/1, příspěvková organizace;Městská část Praha 10
Na kovárně;0;10000;all;Základní škola, Praha 10, U Vršovického nádraží 950/1, příspěvková organizace;Městská část Praha 10
Na Královce;0;10000;all;Základní škola, Praha 10, U Vršovického nádraží 950/1, příspěvková organizace;Městská část Praha 10
Na louži;0;10000;all;Základní škola, Praha 10, U Vršovického nádraží 950/1, příspěvková organizace;Městská část Praha 10
Na spojce;0;10000;all;Základní škola, Praha 10, U Vršovického nádraží 950/1, příspěvková organizace;Městská část Praha 10
Na stráni;0;10000;all;Základní škola, Praha 10, U Vršovického nádraží 950/1, příspěvková organizace;Městská část Praha 10
Novgorodská;0;10000;all;Základní škola, Praha 10, U Vršovického nádraží 950/1, příspěvková organizace;Městská část Praha 10
Oblouková;0;10000;all;Základní škola, Praha 10, U Vršovického nádraží 950/1, příspěvková organizace;Městská část Praha 10
Orelská;0;10000;all;Základní škola, Praha 10, U Vršovického nádraží 950/1, příspěvková organizace;Městská část Praha 10
Petrohradská;0;10000;all;Základní škola, Praha 10, U Vršovického nádraží 950/1, příspěvková organizace;Městská část Praha 10
Pod stupni;0;10000;all;Základní škola, Praha 10, U Vršovického nádraží 950/1, příspěvková organizace;Městská část Praha 10
Přípotoční;1; 17;odd;Základní škola, Praha 10, U Vršovického nádraží 950/1, příspěvková organizace;Městská část Praha 10
Přípotoční;2; 8;even;Základní škola, Praha 10, U Vršovického nádraží 950/1, příspěvková organizace;Městská část Praha 10
Rostovská;0;10000;all;Základní škola, Praha 10, U Vršovického nádraží 950/1, příspěvková organizace;Městská část Praha 10
Rybalkova;0;10000;all;Základní škola, Praha 10, U Vršovického nádraží 950/1, příspěvková organizace;Městská část Praha 10
Sámova;0;10000;all;Základní škola, Praha 10, U Vršovického nádraží 950/1, příspěvková organizace;Městská část Praha 10
Sevastopolská;0;10000;all;Základní škola, Praha 10, U Vršovického nádraží 950/1, příspěvková organizace;Městská část Praha 10
Smolenská;0;10000;all;Základní škola, Praha 10, U Vršovického nádraží 950/1, příspěvková organizace;Městská část Praha 10
Sportovní;0;10000;all;Základní škola, Praha 10, U Vršovického nádraží 950/1, příspěvková organizace;Městská část Praha 10
U seřadiště;0;10000;all;Základní škola, Praha 10, U Vršovického nádraží 950/1, příspěvková organizace;Městská část Praha 10
U vršovického nádraží;0;10000;all;Základní škola, Praha 10, U Vršovického nádraží 950/1, příspěvková organizace;Městská část Praha 10
Ukrajinská;0;10000;all;Základní škola, Praha 10, U Vršovického nádraží 950/1, příspěvková organizace;Městská část Praha 10
Voroněžská;0;10000;all;Základní škola, Praha 10, U Vršovického nádraží 950/1, příspěvková organizace;Městská část Praha 10
Vršovická;2; 54;even;Základní škola, Praha 10, U Vršovického nádraží 950/1, příspěvková organizace;Městská část Praha 10
Vršovická;1; 37;odd;Základní škola, Praha 10, U Vršovického nádraží 950/1, příspěvková organizace;Městská část Praha 10
Vršovické náměstí;0;10000;all;Základní škola, Praha 10, U Vršovického nádraží 950/1, příspěvková organizace;Městská část Praha 10
Žitomírská;1; 14;all;Základní škola, Praha 10, U Vršovického nádraží 950/1, příspěvková organizace;Městská část Praha 10
Dobročovická;0;10000;all;Základní škola, Praha 10, V Rybníčkách 1980/31, příspěvková organizace;Městská část Praha 10
Donatellova;0;10000;all;Základní škola, Praha 10, V Rybníčkách 1980/31, příspěvková organizace;Městská část Praha 10
Dubečská;11; 21;odd;Základní škola, Praha 10, V Rybníčkách 1980/31, příspěvková organizace;Městská část Praha 10
Flájská;0;10000;all;Základní škola, Praha 10, V Rybníčkách 1980/31, příspěvková organizace;Městská část Praha 10
Foerstrova;0;10000;all;Základní škola, Praha 10, V Rybníčkách 1980/31, příspěvková organizace;Městská část Praha 10
Kolodějská;0;10000;all;Základní škola, Praha 10, V Rybníčkách 1980/31, příspěvková organizace;Městská část Praha 10
Kružberská;0;10000;all;Základní škola, Praha 10, V Rybníčkách 1980/31, příspěvková organizace;Městská část Praha 10
Květnická;0;10000;all;Základní škola, Praha 10, V Rybníčkách 1980/31, příspěvková organizace;Městská část Praha 10
Michelangelova;0;10000;all;Základní škola, Praha 10, V Rybníčkách 1980/31, příspěvková organizace;Městská část Praha 10
Mirošovická;0;10000;all;Základní škola, Praha 10, V Rybníčkách 1980/31, příspěvková organizace;Městská část Praha 10
Na polníku;0;10000;all;Základní škola, Praha 10, V Rybníčkách 1980/31, příspěvková organizace;Městská část Praha 10
Ondřejovská;0;10000;all;Základní škola, Praha 10, V Rybníčkách 1980/31, příspěvková organizace;Městská část Praha 10
Oravská;0;10000;all;Základní škola, Praha 10, V Rybníčkách 1980/31, příspěvková organizace;Městská část Praha 10
Pelyňková;0;10000;all;Základní škola, Praha 10, V Rybníčkách 1980/31, příspěvková organizace;Městská část Praha 10
Pod strání;0;10000;all;Základní škola, Praha 10, V Rybníčkách 1980/31, příspěvková organizace;Městská část Praha 10
Raffaelova;0;10000;all;Základní škola, Praha 10, V Rybníčkách 1980/31, příspěvková organizace;Městská část Praha 10
Sečská;0;10000;all;Základní škola, Praha 10, V Rybníčkách 1980/31, příspěvková organizace;Městská část Praha 10
Slapská;0;10000;all;Základní škola, Praha 10, V Rybníčkách 1980/31, příspěvková organizace;Městská část Praha 10
Stupická;0;10000;all;Základní škola, Praha 10, V Rybníčkách 1980/31, příspěvková organizace;Městská část Praha 10
Šibřinská;0;10000;all;Základní škola, Praha 10, V Rybníčkách 1980/31, příspěvková organizace;Městská část Praha 10
Štěchovická;0;10000;all;Základní škola, Praha 10, V Rybníčkách 1980/31, příspěvková organizace;Městská část Praha 10
Tomická;0;10000;all;Základní škola, Praha 10, V Rybníčkách 1980/31, příspěvková organizace;Městská část Praha 10
Úvalská;0;10000;all;Základní škola, Praha 10, V Rybníčkách 1980/31, příspěvková organizace;Městská část Praha 10
V olšinách;124;10000;even;Základní škola, Praha 10, V Rybníčkách 1980/31, příspěvková organizace;Městská část Praha 10
V Rybníčkách;0;10000;all;Základní škola, Praha 10, V Rybníčkách 1980/31, příspěvková organizace;Městská část Praha 10
Žermanická;0;10000;all;Základní škola, Praha 10, V Rybníčkách 1980/31, příspěvková organizace;Městská část Praha 10
Žinkovská;0;10000;all;Základní škola, Praha 10, V Rybníčkách 1980/31, příspěvková organizace;Městská část Praha 10
